"libro","titulo","capitulo","seccion","articulo","url"
"NA","TÍTULO PRELIMINAR: De las garantías penales y de la aplicación de la Ley penal","NA","NA","1/","https://www.conceptosjuridicos.com/codigo-penal-articulo-1/"
"NA","TÍTULO PRELIMINAR: De las garantías penales y de la aplicación de la Ley penal","NA","NA","2/","https://www.conceptosjuridicos.com/codigo-penal-articulo-2/"
"NA","TÍTULO PRELIMINAR: De las garantías penales y de la aplicación de la Ley penal","NA","NA","3/","https://www.conceptosjuridicos.com/codigo-penal-articulo-3/"
"NA","TÍTULO PRELIMINAR: De las garantías penales y de la aplicación de la Ley penal","NA","NA","4/","https://www.conceptosjuridicos.com/codigo-penal-articulo-4/"
"NA","TÍTULO PRELIMINAR: De las garantías penales y de la aplicación de la Ley penal","NA","NA","5/","https://www.conceptosjuridicos.com/codigo-penal-articulo-5/"
"NA","TÍTULO PRELIMINAR: De las garantías penales y de la aplicación de la Ley penal","NA","NA","6/","https://www.conceptosjuridicos.com/codigo-penal-articulo-6/"
"NA","TÍTULO PRELIMINAR: De las garantías penales y de la aplicación de la Ley penal","NA","NA","7/","https://www.conceptosjuridicos.com/codigo-penal-articulo-7/"
"NA","TÍTULO PRELIMINAR: De las garantías penales y de la aplicación de la Ley penal","NA","NA","8/","https://www.conceptosjuridicos.com/codigo-penal-articulo-8/"
"NA","TÍTULO PRELIMINAR: De las garantías penales y de la aplicación de la Ley penal","NA","NA","9/","https://www.conceptosjuridicos.com/codigo-penal-articulo-9/"
"LIBRO I","Titulo I","Capítulo I",NA,"10/","https://www.conceptosjuridicos.com/codigo-penal-articulo-10/"
"LIBRO I","Título I","Capítulo I",NA,"11/","https://www.conceptosjuridicos.com/codigo-penal-articulo-11/"
"LIBRO I","Titulo I","Capítulo I",NA,"12/","https://www.conceptosjuridicos.com/codigo-penal-articulo-12/"
"LIBRO I","Titulo I","Capítulo I",NA,"13/","https://www.conceptosjuridicos.com/codigo-penal-articulo-13/"
"LIBRO I","Título I","Capítulo I",NA,"14/","https://www.conceptosjuridicos.com/codigo-penal-articulo-14/"
"LIBRO I","Titulo I","Capítulo I",NA,"15/","https://www.conceptosjuridicos.com/codigo-penal-articulo-15/"
"LIBRO I","Titulo I","Capítulo I",NA,"16/","https://www.conceptosjuridicos.com/codigo-penal-articulo-16/"
"LIBRO I","Título I","Capítulo I",NA,"17/","https://www.conceptosjuridicos.com/codigo-penal-articulo-17/"
"LIBRO I","Título I","Capítulo I",NA,"18/","https://www.conceptosjuridicos.com/codigo-penal-articulo-18/"
"LIBRO I","Titulo I","Capítulo II",NA,"19/","https://www.conceptosjuridicos.com/codigo-penal-articulo-19/"
"LIBRO I","Titulo I","Capítulo II",NA,"20/","https://www.conceptosjuridicos.com/codigo-penal-articulo-20/"
"LIBRO I","Titulo I","Capítulo III",NA,"21/","https://www.conceptosjuridicos.com/codigo-penal-articulo-21/"
"LIBRO I","Titulo I","Capítulo III",NA,"22/","https://www.conceptosjuridicos.com/codigo-penal-articulo-22/"
"LIBRO I","Titulo I","Capítulo III",NA,"23/","https://www.conceptosjuridicos.com/codigo-penal-articulo-23/"
"LIBRO I","Titulo I","Capítulo VI",NA,"24/","https://www.conceptosjuridicos.com/codigo-penal-articulo-24/"
"LIBRO I","Titulo I","Capítulo VI",NA,"25/","https://www.conceptosjuridicos.com/codigo-penal-articulo-25/"
"LIBRO I","Titulo I","Capítulo VI",NA,"26/","https://www.conceptosjuridicos.com/codigo-penal-articulo-26/"
"LIBRO I","Título II",NA,NA,"27/","https://www.conceptosjuridicos.com/codigo-penal-articulo-27/"
"LIBRO I","Título II",NA,NA,"28/","https://www.conceptosjuridicos.com/codigo-penal-articulo-28/"
"LIBRO I","Título II",NA,NA,"29/","https://www.conceptosjuridicos.com/codigo-penal-articulo-29/"
"LIBRO I","Título II",NA,NA,"30/","https://www.conceptosjuridicos.com/codigo-penal-articulo-30/"
"LIBRO I","Título II",NA,NA,"31/","https://www.conceptosjuridicos.com/codigo-penal-articulo-31/"
"LIBRO I","Título II",NA,NA,"31-bis/","https://www.conceptosjuridicos.com/codigo-penal-articulo-31-bis/"
"LIBRO I","Título II",NA,NA,"31-ter/","https://www.conceptosjuridicos.com/codigo-penal-articulo-31-ter/"
"LIBRO I","Título II",NA,NA,"31-quater/","https://www.conceptosjuridicos.com/codigo-penal-articulo-31-quater/"
"LIBRO I","Título II",NA,NA,"31-quinquies/","https://www.conceptosjuridicos.com/codigo-penal-articulo-31-quinquies/"
"LIBRO I","Título III","Capítulo I","Sección I","32/","https://www.conceptosjuridicos.com/codigo-penal-articulo-32/"
"LIBRO I","Título III","Capítulo I","Sección I","33/","https://www.conceptosjuridicos.com/codigo-penal-articulo-33/"
"LIBRO I","Título III","Capítulo I","Sección I","34/","https://www.conceptosjuridicos.com/codigo-penal-articulo-34/"
"LIBRO I","Título III","Capítulo I","Sección II","35/","https://www.conceptosjuridicos.com/codigo-penal-articulo-35/"
"LIBRO I","Título ","Capítulo VII","Sección II","36/","https://www.conceptosjuridicos.com/codigo-penal-articulo-36/"
"LIBRO I","Título III","Capítulo I","Sección II","37/","https://www.conceptosjuridicos.com/codigo-penal-articulo-37/"
"LIBRO I","Título III","Capítulo I","Sección II","38/","https://www.conceptosjuridicos.com/codigo-penal-articulo-38/"
"LIBRO I","Título III","Capítulo I","Sección III","39/","https://www.conceptosjuridicos.com/codigo-penal-articulo-39/"
"LIBRO I","Título III","Capítulo I","Sección III","40/","https://www.conceptosjuridicos.com/codigo-penal-articulo-40/"
"LIBRO I","Título III","Capítulo I","Sección III","41/","https://www.conceptosjuridicos.com/codigo-penal-articulo-41/"
"LIBRO I","Título III","Capítulo I","Sección III","42/","https://www.conceptosjuridicos.com/codigo-penal-articulo-42/"
"LIBRO I","Título III","Capítulo I","Sección III","43/","https://www.conceptosjuridicos.com/codigo-penal-articulo-43/"
"LIBRO I","Título III","Capítulo I","Sección III","44/","https://www.conceptosjuridicos.com/codigo-penal-articulo-44/"
"LIBRO I","Título III","Capítulo I","Sección III","45/","https://www.conceptosjuridicos.com/codigo-penal-articulo-45/"
"LIBRO I","Título III","Capítulo I","Sección III","46/","https://www.conceptosjuridicos.com/codigo-penal-articulo-46/"
"LIBRO I","Título III","Capítulo I","Sección III","47/","https://www.conceptosjuridicos.com/codigo-penal-articulo-47/"
"LIBRO I","Título III","Capítulo I","Sección III","48/","https://www.conceptosjuridicos.com/codigo-penal-articulo-48/"
"LIBRO I","Título III","Capítulo I","Sección III","49/","https://www.conceptosjuridicos.com/codigo-penal-articulo-49/"
"LIBRO I","Título III","Capítulo I","Sección IV","50/","https://www.conceptosjuridicos.com/codigo-penal-articulo-50/"
"LIBRO I","Título III","Capítulo I","Sección IV","51/","https://www.conceptosjuridicos.com/codigo-penal-articulo-51/"
"LIBRO I","Título III","Capítulo I","Sección IV","52/","https://www.conceptosjuridicos.com/codigo-penal-articulo-52/"
"LIBRO I","Título III","Capítulo I","Sección IV","53/","https://www.conceptosjuridicos.com/codigo-penal-articulo-53/"
"LIBRO I","Título III","Capítulo I","Sección V","54/","https://www.conceptosjuridicos.com/codigo-penal-articulo-54/"
"LIBRO I","Título III","Capítulo I","Sección V","55/","https://www.conceptosjuridicos.com/codigo-penal-articulo-55/"
"LIBRO I","Título III","Capítulo I","Sección V","55/","https://www.conceptosjuridicos.com/codigo-penal-articulo-55/"
"LIBRO I","Título III","Capítulo I","Sección V","56/","https://www.conceptosjuridicos.com/codigo-penal-articulo-56/"
"LIBRO I","Título III","Capítulo I","Sección V","57/","https://www.conceptosjuridicos.com/codigo-penal-articulo-57/"
"LIBRO I","Título III","Capítulo I","Sección VI","58/","https://www.conceptosjuridicos.com/codigo-penal-articulo-58/"
"LIBRO I","Título III","Capítulo I","Sección VI","59/","https://www.conceptosjuridicos.com/codigo-penal-articulo-59/"
"LIBRO I","Título III","Capítulo I","Sección VI","60/","https://www.conceptosjuridicos.com/codigo-penal-articulo-60/"
"LIBRO I","Título III","Capitulo II","Sección I","61/","https://www.conceptosjuridicos.com/codigo-penal-articulo-61/"
"LIBRO I","Título III","Capitulo II","Sección I","62/","https://www.conceptosjuridicos.com/codigo-penal-articulo-62/"
"LIBRO I","Título III","Capitulo II","Sección I","63/","https://www.conceptosjuridicos.com/codigo-penal-articulo-63/"
"LIBRO I","Título III","Capitulo II","Sección I","64/","https://www.conceptosjuridicos.com/codigo-penal-articulo-64/"
"LIBRO I","Título III","Capitulo II","Sección I","65/","https://www.conceptosjuridicos.com/codigo-penal-articulo-65/"
"LIBRO I","Título III","Capitulo II","Sección I","66/","https://www.conceptosjuridicos.com/codigo-penal-articulo-66/"
"LIBRO I","Título III","Capitulo II","Sección I","66-bis/","https://www.conceptosjuridicos.com/codigo-penal-articulo-66-bis/"
"LIBRO I","Título III","Capitulo II","Sección I","67/","https://www.conceptosjuridicos.com/codigo-penal-articulo-67/"
"LIBRO I","Título III","Capitulo II","Sección I","68/","https://www.conceptosjuridicos.com/codigo-penal-articulo-68/"
"LIBRO I","Título III","Capitulo II","Sección I","69/","https://www.conceptosjuridicos.com/codigo-penal-articulo-69/"
"LIBRO I","Título III","Capitulo II","Sección I","70/","https://www.conceptosjuridicos.com/codigo-penal-articulo-70/"
"LIBRO I","Título III","Capitulo II","Sección I","71/","https://www.conceptosjuridicos.com/codigo-penal-articulo-71/"
"LIBRO I","Título III","Capitulo II","Sección I","72/","https://www.conceptosjuridicos.com/codigo-penal-articulo-72/"
"LIBRO I","Título III","Capitulo II","Sección II","73/","https://www.conceptosjuridicos.com/codigo-penal-articulo-73/"
"LIBRO I","Título III","Capitulo II","Sección II","74/","https://www.conceptosjuridicos.com/codigo-penal-articulo-74/"
"LIBRO I","Título III","Capitulo II","Sección II","75/","https://www.conceptosjuridicos.com/codigo-penal-articulo-75/"
"LIBRO I","Título ","Capítulo VII","Sección II","76/","https://www.conceptosjuridicos.com/codigo-penal-articulo-76/"
"LIBRO I","Título III","Capitulo II","Sección II","77/","https://www.conceptosjuridicos.com/codigo-penal-articulo-77/"
"LIBRO I","Título ","Capítulo VII","Sección II","78/","https://www.conceptosjuridicos.com/codigo-penal-articulo-78/"
"LIBRO I","Título ","Capítulo VII","Sección II","78-bis/","https://www.conceptosjuridicos.com/codigo-penal-articulo-78-bis/"
"LIBRO I","Título III","Capitulo II","Sección II","79/","https://www.conceptosjuridicos.com/codigo-penal-articulo-79/"
"LIBRO I","Título III","Capítulo III","Sección I","80/","https://www.conceptosjuridicos.com/codigo-penal-articulo-80/"
"LIBRO I","Título III","Capítulo III","Sección I","81/","https://www.conceptosjuridicos.com/codigo-penal-articulo-81/"
"LIBRO I","Título III","Capítulo III","Sección I","82/","https://www.conceptosjuridicos.com/codigo-penal-articulo-82/"
"LIBRO I","Título III","Capítulo III","Sección I","83/","https://www.conceptosjuridicos.com/codigo-penal-articulo-83/"
"LIBRO I","Título III","Capítulo III","Sección I","84/","https://www.conceptosjuridicos.com/codigo-penal-articulo-84/"
"LIBRO I","Título III","Capítulo III","Sección I","85/","https://www.conceptosjuridicos.com/codigo-penal-articulo-85/"
"LIBRO I","Título III","Capítulo III","Sección I","86/","https://www.conceptosjuridicos.com/codigo-penal-articulo-86/"
"LIBRO I","Título III","Capítulo III","Sección I","87/","https://www.conceptosjuridicos.com/codigo-penal-articulo-87/"
"LIBRO I","Título III","Capitulo III","Sección I","89/","https://www.conceptosjuridicos.com/codigo-penal-articulo-89/"
"LIBRO I","Título ","Capítulo VII","Sección III","90/","https://www.conceptosjuridicos.com/codigo-penal-articulo-90/"
"LIBRO I","Título III","Capítulo III","Sección III","91/","https://www.conceptosjuridicos.com/codigo-penal-articulo-91/"
"LIBRO I","Título ","Capítulo VII","Sección III","92/","https://www.conceptosjuridicos.com/codigo-penal-articulo-92/"
"LIBRO I","Título III","Capítulo III","Sección IV","94/","https://www.conceptosjuridicos.com/codigo-penal-articulo-94/"
"LIBRO I","Título III","Capítulo III","Sección IV","94-bis/","https://www.conceptosjuridicos.com/codigo-penal-articulo-94-bis/"
"LIBRO I","Título IV","Capítulo I",NA,"95/","https://www.conceptosjuridicos.com/codigo-penal-articulo-95/"
"LIBRO I","Título IV","Capítulo I",NA,"96/","https://www.conceptosjuridicos.com/codigo-penal-articulo-96/"
"LIBRO I","Título IV","Capítulo I",NA,"97/","https://www.conceptosjuridicos.com/codigo-penal-articulo-97/"
"LIBRO I","Título IV","Capítulo I",NA,"98/","https://www.conceptosjuridicos.com/codigo-penal-articulo-98/"
"LIBRO I","Título IV","Capítulo I",NA,"99/","https://www.conceptosjuridicos.com/codigo-penal-articulo-99/"
"LIBRO I","Título IV","Capítulo I",NA,"100/","https://www.conceptosjuridicos.com/codigo-penal-articulo-100/"
"LIBRO I","Título IV","Capítulo II","Sección I","101/","https://www.conceptosjuridicos.com/codigo-penal-articulo-101/"
"LIBRO I","Título IV","Capítulo II","Sección I","102/","https://www.conceptosjuridicos.com/codigo-penal-articulo-102/"
"LIBRO I","Título IV","Capítulo II","Sección I","103/","https://www.conceptosjuridicos.com/codigo-penal-articulo-103/"
"LIBRO I","Título IV","Capítulo II","Sección I","104/","https://www.conceptosjuridicos.com/codigo-penal-articulo-104/"
"LIBRO I","Título IV","Capítulo II","Sección II","105/","https://www.conceptosjuridicos.com/codigo-penal-articulo-105/"
"LIBRO I","Título IV","Capítulo II","Sección II","106/","https://www.conceptosjuridicos.com/codigo-penal-articulo-106/"
"LIBRO I","Título IV","Capítulo II","Sección II","107/","https://www.conceptosjuridicos.com/codigo-penal-articulo-107/"
"LIBRO I","Título IV","Capítulo II","Sección II","108/","https://www.conceptosjuridicos.com/codigo-penal-articulo-108/"
"LIBRO I","Título V",NA,NA,"109/","https://www.conceptosjuridicos.com/codigo-penal-articulo-109/"
"LIBRO I","Título V",NA,NA,"110/","https://www.conceptosjuridicos.com/codigo-penal-articulo-110/"
"LIBRO I","Título V","Capítulo I",NA,"111/","https://www.conceptosjuridicos.com/codigo-penal-articulo-111/"
"LIBRO I","Título V",NA,NA,"112/","https://www.conceptosjuridicos.com/codigo-penal-articulo-112/"
"LIBRO I","Título V",NA,NA,"113/","https://www.conceptosjuridicos.com/codigo-penal-articulo-113/"
"LIBRO I","Título V","Capítulo I",NA,"114/","https://www.conceptosjuridicos.com/codigo-penal-articulo-114/"
"LIBRO I","Título V","Capítulo I",NA,"115/","https://www.conceptosjuridicos.com/codigo-penal-articulo-115/"
"LIBRO I","Título V","Capítulo II",NA,"116/","https://www.conceptosjuridicos.com/codigo-penal-articulo-116/"
"LIBRO I","Título V","Capítulo II",NA,"117/","https://www.conceptosjuridicos.com/codigo-penal-articulo-117/"
"LIBRO I","Título V","Capítulo II",NA,"118/","https://www.conceptosjuridicos.com/codigo-penal-articulo-118/"
"LIBRO I","Título V","Capítulo II",NA,"119/","https://www.conceptosjuridicos.com/codigo-penal-articulo-119/"
"LIBRO I","Título V","Capítulo II",NA,"120/","https://www.conceptosjuridicos.com/codigo-penal-articulo-120/"
"LIBRO I","Título V","Capítulo II",NA,"121/","https://www.conceptosjuridicos.com/codigo-penal-articulo-121/"
"LIBRO I","Título V","Capítulo II",NA,"122/","https://www.conceptosjuridicos.com/codigo-penal-articulo-122/"
"LIBRO I","Título V","Capítulo III",NA,"123/","https://www.conceptosjuridicos.com/codigo-penal-articulo-123/"
"LIBRO I","Título V","Capítulo III",NA,"124/","https://www.conceptosjuridicos.com/codigo-penal-articulo-124/"
"LIBRO I","Título V","Capítulo IV",NA,"125/","https://www.conceptosjuridicos.com/codigo-penal-articulo-125/"
"LIBRO I","Título V","Capítulo IV",NA,"126/","https://www.conceptosjuridicos.com/codigo-penal-articulo-126/"
"LIBRO I","Título VI",NA,NA,"127/","https://www.conceptosjuridicos.com/codigo-penal-articulo-127/"
"LIBRO I","Título VI",NA,NA,"127-bis/","https://www.conceptosjuridicos.com/codigo-penal-articulo-127-bis/"
"LIBRO I","Título VI",NA,NA,"127-ter/","https://www.conceptosjuridicos.com/codigo-penal-articulo-127-ter/"
"LIBRO I","Título VI",NA,NA,"127-quater/","https://www.conceptosjuridicos.com/codigo-penal-articulo-127-quater/"
"LIBRO I","Título VI",NA,NA,"127-quinquies/","https://www.conceptosjuridicos.com/codigo-penal-articulo-127-quinquies/"
"LIBRO I","Título VI",NA,NA,"127-sexies/","https://www.conceptosjuridicos.com/codigo-penal-articulo-127-sexies/"
"LIBRO I","Título VI",NA,NA,"127-septies/","https://www.conceptosjuridicos.com/codigo-penal-articulo-127-septies/"
"LIBRO I","Título VI",NA,NA,"127-octies/","https://www.conceptosjuridicos.com/codigo-penal-articulo-127-octies/"
"LIBRO I","Título VI",NA,NA,"128/","https://www.conceptosjuridicos.com/codigo-penal-articulo-128/"
"LIBRO I","Título VI",NA,NA,"129/","https://www.conceptosjuridicos.com/codigo-penal-articulo-129/"
"LIBRO I","Título VI",NA,NA,"129-bis/","https://www.conceptosjuridicos.com/codigo-penal-articulo-129-bis/"
"LIBRO I","Título VII","Capitulo I",NA,"130/","https://www.conceptosjuridicos.com/codigo-penal-articulo-130/"
"LIBRO I","Título VII","Capitulo I",NA,"131/","https://www.conceptosjuridicos.com/codigo-penal-articulo-131/"
"LIBRO I","Título VII","Capitulo I",NA,"132/","https://www.conceptosjuridicos.com/codigo-penal-articulo-132/"
"LIBRO I","Título VII","Capitulo I",NA,"133/","https://www.conceptosjuridicos.com/codigo-penal-articulo-133/"
"LIBRO I","Título VII","Capitulo I",NA,"134/","https://www.conceptosjuridicos.com/codigo-penal-articulo-134/"
"LIBRO I","Título VII","Capitulo I",NA,"135/","https://www.conceptosjuridicos.com/codigo-penal-articulo-135/"
"LIBRO I","Título VII","Capitulo II",NA,"136/","https://www.conceptosjuridicos.com/codigo-penal-articulo-136/"
"LIBRO I","Título VII","Capitulo II",NA,"137/","https://www.conceptosjuridicos.com/codigo-penal-articulo-137/"
"LIBRO II","Título I",NA,NA,"138/","https://www.conceptosjuridicos.com/codigo-penal-articulo-138/"
"LIBRO II","Título I",NA,NA,"139/","https://www.conceptosjuridicos.com/codigo-penal-articulo-139/"
"LIBRO II","Título I",NA,NA,"140/","https://www.conceptosjuridicos.com/codigo-penal-articulo-140/"
"LIBRO II","Título ",NA,NA,"140-bis/","https://www.conceptosjuridicos.com/codigo-penal-articulo-140-bis/"
"LIBRO II","Título I",NA,NA,"141/","https://www.conceptosjuridicos.com/codigo-penal-articulo-141/"
"LIBRO II","Título I",NA,NA,"142/","https://www.conceptosjuridicos.com/codigo-penal-articulo-142/"
"LIBRO II","Título I",NA,NA,"142-bis/","https://www.conceptosjuridicos.com/codigo-penal-articulo-142-bis/"
"LIBRO II","Título I",NA,NA,"143/","https://www.conceptosjuridicos.com/codigo-penal-articulo-143/"
"LIBRO II","Título I",NA,NA,"143-bis/","https://www.conceptosjuridicos.com/codigo-penal-articulo-143-bis/"
"LIBRO II","Título II",NA,NA,"144/","https://www.conceptosjuridicos.com/codigo-penal-articulo-144/"
"LIBRO II","Título II",NA,NA,"145/","https://www.conceptosjuridicos.com/codigo-penal-articulo-145/"
"LIBRO II","Título II",NA,NA,"145-bis/","https://www.conceptosjuridicos.com/codigo-penal-articulo-145-bis/"
"LIBRO II","Título II",NA,NA,"146/","https://www.conceptosjuridicos.com/codigo-penal-articulo-146/"
"LIBRO II","Título III",NA,NA,"147/","https://www.conceptosjuridicos.com/codigo-penal-articulo-147/"
"LIBRO II","Título III",NA,NA,"148/","https://www.conceptosjuridicos.com/codigo-penal-articulo-148/"
"LIBRO II","Título III",NA,NA,"149/","https://www.conceptosjuridicos.com/codigo-penal-articulo-149/"
"LIBRO II","Título III",NA,NA,"150/","https://www.conceptosjuridicos.com/codigo-penal-articulo-150/"
"LIBRO II","Título III",NA,NA,"151/","https://www.conceptosjuridicos.com/codigo-penal-articulo-151/"
"LIBRO II","Título III",NA,NA,"152/","https://www.conceptosjuridicos.com/codigo-penal-articulo-152/"
"LIBRO II","Título III",NA,NA,"152-bis/","https://www.conceptosjuridicos.com/codigo-penal-articulo-152-bis/"
"LIBRO II","Título III",NA,NA,"153/","https://www.conceptosjuridicos.com/codigo-penal-articulo-153/"
"LIBRO II","Título III",NA,NA,"154/","https://www.conceptosjuridicos.com/codigo-penal-articulo-154/"
"LIBRO II","Título III",NA,NA,"155/","https://www.conceptosjuridicos.com/codigo-penal-articulo-155/"
"LIBRO II","Título III",NA,NA,"156/","https://www.conceptosjuridicos.com/codigo-penal-articulo-156/"
"LIBRO II","Título III",NA,NA,"156-bis/","https://www.conceptosjuridicos.com/codigo-penal-articulo-156-bis/"
"LIBRO II","Título III",NA,NA,"156-ter/","https://www.conceptosjuridicos.com/codigo-penal-articulo-156-ter/"
"LIBRO II","Título III",NA,NA,"156-quater/","https://www.conceptosjuridicos.com/codigo-penal-articulo-156-quater/"
"LIBRO II","Título III",NA,NA,"156-quinquies/","https://www.conceptosjuridicos.com/codigo-penal-articulo-156-quinquies/"
"LIBRO II","Título IV",NA,NA,"157/","https://www.conceptosjuridicos.com/codigo-penal-articulo-157/"
"LIBRO II","Título IV",NA,NA,"158/","https://www.conceptosjuridicos.com/codigo-penal-articulo-158/"
"LIBRO II","Título V",NA,NA,"159/","https://www.conceptosjuridicos.com/codigo-penal-articulo-159/"
"LIBRO II","Título V",NA,NA,"160/","https://www.conceptosjuridicos.com/codigo-penal-articulo-160/"
"LIBRO II","Título V",NA,NA,"161/","https://www.conceptosjuridicos.com/codigo-penal-articulo-161/"
"LIBRO II","Título V",NA,NA,"162/","https://www.conceptosjuridicos.com/codigo-penal-articulo-162/"
"LIBRO II","Título VI",NA,NA,"163/","https://www.conceptosjuridicos.com/codigo-penal-articulo-163/"
"LIBRO II","Título VI",NA,NA,"164/","https://www.conceptosjuridicos.com/codigo-penal-articulo-164/"
"LIBRO II","Título VI",NA,NA,"165/","https://www.conceptosjuridicos.com/codigo-penal-articulo-165/"
"LIBRO II","Título VI",NA,NA,"166/","https://www.conceptosjuridicos.com/codigo-penal-articulo-166/"
"LIBRO II","Título VI","Capítulo ",NA,"167/","https://www.conceptosjuridicos.com/codigo-penal-articulo-167/"
"LIBRO II","Título VI","Capítulo ",NA,"168/","https://www.conceptosjuridicos.com/codigo-penal-articulo-168/"
"LIBRO II","Título VI","Capítulo II",NA,"169/","https://www.conceptosjuridicos.com/codigo-penal-articulo-169/"
"LIBRO II","Título VI","Capítulo II",NA,"170/","https://www.conceptosjuridicos.com/codigo-penal-articulo-170/"
"LIBRO II","Título VI","Capítulo II",NA,"171/","https://www.conceptosjuridicos.com/codigo-penal-articulo-171/"
"LIBRO II","Título VI","Capítulo III",NA,"172/","https://www.conceptosjuridicos.com/codigo-penal-articulo-172/"
"LIBRO II","Título VI","Capítulo III",NA,"172-bis/","https://www.conceptosjuridicos.com/codigo-penal-articulo-172-bis/"
"LIBRO II","Título VI","Capítulo III",NA,"172-ter/","https://www.conceptosjuridicos.com/codigo-penal-articulo-172-ter/"
"LIBRO II","Título VI","Capítulo III",NA,"172-quater/","https://www.conceptosjuridicos.com/codigo-penal-articulo-172-quater/"
"LIBRO II","Título VII",NA,NA,"173/","https://www.conceptosjuridicos.com/codigo-penal-articulo-173/"
"LIBRO II","Título VII",NA,NA,"174/","https://www.conceptosjuridicos.com/codigo-penal-articulo-174/"
"LIBRO II","Título VII",NA,NA,"175/","https://www.conceptosjuridicos.com/codigo-penal-articulo-175/"
"LIBRO II","Título VII",NA,NA,"176/","https://www.conceptosjuridicos.com/codigo-penal-articulo-176/"
"LIBRO II","Título VII",NA,NA,"177/","https://www.conceptosjuridicos.com/codigo-penal-articulo-177/"
"LIBRO II","Título VII",NA,NA,"177-bis/","https://www.conceptosjuridicos.com/codigo-penal-articulo-177-bis/"
"LIBRO II","Título VIII","Capítulo I",NA,"178/","https://www.conceptosjuridicos.com/codigo-penal-articulo-178/"
"LIBRO II","Título VIII","Capítulo I",NA,"179/","https://www.conceptosjuridicos.com/codigo-penal-articulo-179/"
"LIBRO II","Título VIII","Capítulo I",NA,"180/","https://www.conceptosjuridicos.com/codigo-penal-articulo-180/"
"LIBRO II","Título VIII","Capítulo II",NA,"181/","https://www.conceptosjuridicos.com/codigo-penal-articulo-181/"
"LIBRO II","Título VIII","Capítulo II",NA,"182/","https://www.conceptosjuridicos.com/codigo-penal-articulo-182/"
"LIBRO II","Título VIII","Capítulo II",NA,"183/","https://www.conceptosjuridicos.com/codigo-penal-articulo-183/"
"LIBRO II","Título VIII","Capítulo II",NA,"183-bis/","https://www.conceptosjuridicos.com/codigo-penal-articulo-183-bis/"
"LIBRO II","Título VIII","Capítulo III",NA,"184/","https://www.conceptosjuridicos.com/codigo-penal-articulo-184/"
"LIBRO II","Título VIII","Capítulo IV",NA,"185/","https://www.conceptosjuridicos.com/codigo-penal-articulo-185/"
"LIBRO II","Título VIII","Capítulo IV",NA,"186/","https://www.conceptosjuridicos.com/codigo-penal-articulo-186/"
"LIBRO II","Título VIII","Capítulo V",NA,"187/","https://www.conceptosjuridicos.com/codigo-penal-articulo-187/"
"LIBRO II","Título VIII","Capítulo V",NA,"188/","https://www.conceptosjuridicos.com/codigo-penal-articulo-188/"
"LIBRO II","Título ","Capítulo V",NA,"189/","https://www.conceptosjuridicos.com/codigo-penal-articulo-189/"
"LIBRO II","Título VIII","Capítulo V",NA,"189-bis/","https://www.conceptosjuridicos.com/codigo-penal-articulo-189-bis/"
"LIBRO II","Título VIII","Capítulo V",NA,"189-ter/","https://www.conceptosjuridicos.com/codigo-penal-articulo-189-ter/"
"LIBRO II","Título VIII","Capítulo VI",NA,"190/","https://www.conceptosjuridicos.com/codigo-penal-articulo-190/"
"LIBRO II","Título VIII","Capítulo VI",NA,"191/","https://www.conceptosjuridicos.com/codigo-penal-articulo-191/"
"LIBRO II","Título ","Capítulo II",NA,"192/","https://www.conceptosjuridicos.com/codigo-penal-articulo-192/"
"LIBRO II","Título VIII","Capítulo VI",NA,"193/","https://www.conceptosjuridicos.com/codigo-penal-articulo-193/"
"LIBRO II","Título VIII","Capítulo VI",NA,"194/","https://www.conceptosjuridicos.com/codigo-penal-articulo-194/"
"LIBRO II","Título VIII","Capítulo VI",NA,"194-bis/","https://www.conceptosjuridicos.com/codigo-penal-articulo-194-bis/"
"LIBRO II","Título I",NA,NA,"195/","https://www.conceptosjuridicos.com/codigo-penal-articulo-195/"
"LIBRO II","Título I",NA,NA,"196/","https://www.conceptosjuridicos.com/codigo-penal-articulo-196/"
"LIBRO II","Título ","Capítulo I",NA,"197/","https://www.conceptosjuridicos.com/codigo-penal-articulo-197/"
"LIBRO II","Título ","Capítulo I",NA,"197-bis/","https://www.conceptosjuridicos.com/codigo-penal-articulo-197-bis/"
"LIBRO II","Título ","Capítulo I",NA,"197-ter/","https://www.conceptosjuridicos.com/codigo-penal-articulo-197-ter/"
"LIBRO II","Título ","Capítulo ",NA,"197-quater/","https://www.conceptosjuridicos.com/codigo-penal-articulo-197-quater/"
"LIBRO II","Título ","Capítulo I",NA,"197-quinquies/","https://www.conceptosjuridicos.com/codigo-penal-articulo-197-quinquies/"
"LIBRO II","Título ","Capítulo I",NA,"198/","https://www.conceptosjuridicos.com/codigo-penal-articulo-198/"
"LIBRO II","Título ","Capítulo I",NA,"199/","https://www.conceptosjuridicos.com/codigo-penal-articulo-199/"
"LIBRO II","Título ","Capítulo I",NA,"200/","https://www.conceptosjuridicos.com/codigo-penal-articulo-200/"
"LIBRO II","Título ","Capítulo ",NA,"201/","https://www.conceptosjuridicos.com/codigo-penal-articulo-201/"
"LIBRO II","Título ","Capítulo II",NA,"202/","https://www.conceptosjuridicos.com/codigo-penal-articulo-202/"
"LIBRO II","Título ","Capítulo II",NA,"203/","https://www.conceptosjuridicos.com/codigo-penal-articulo-203/"
"LIBRO II","Título ","Capítulo II",NA,"204/","https://www.conceptosjuridicos.com/codigo-penal-articulo-204/"
"LIBRO II","Título ","Capítulo I",NA,"205/","https://www.conceptosjuridicos.com/codigo-penal-articulo-205/"
"LIBRO II","Título ","Capítulo I",NA,"206/","https://www.conceptosjuridicos.com/codigo-penal-articulo-206/"
"LIBRO II","Título ","Capítulo I",NA,"207/","https://www.conceptosjuridicos.com/codigo-penal-articulo-207/"
"LIBRO II","Título ","Capítulo II",NA,"208/","https://www.conceptosjuridicos.com/codigo-penal-articulo-208/"
"LIBRO II","Título ","Capítulo II",NA,"209/","https://www.conceptosjuridicos.com/codigo-penal-articulo-209/"
"LIBRO II","Título ","Capítulo II",NA,"210/","https://www.conceptosjuridicos.com/codigo-penal-articulo-210/"
"LIBRO II","Título ","Capítulo III",NA,"211/","https://www.conceptosjuridicos.com/codigo-penal-articulo-211/"
"LIBRO II","Título ","Capítulo III",NA,"212/","https://www.conceptosjuridicos.com/codigo-penal-articulo-212/"
"LIBRO II","Título ","Capítulo III",NA,"213/","https://www.conceptosjuridicos.com/codigo-penal-articulo-213/"
"LIBRO II","Título ","Capítulo III",NA,"214/","https://www.conceptosjuridicos.com/codigo-penal-articulo-214/"
"LIBRO II","Título ","Capítulo III",NA,"215/","https://www.conceptosjuridicos.com/codigo-penal-articulo-215/"
"LIBRO II","Título ","Capítulo III",NA,"216/","https://www.conceptosjuridicos.com/codigo-penal-articulo-216/"
"LIBRO II","Título ","Capítulo I",NA,"217/","https://www.conceptosjuridicos.com/codigo-penal-articulo-217/"
"LIBRO II","Título ","Capítulo I",NA,"218/","https://www.conceptosjuridicos.com/codigo-penal-articulo-218/"
"LIBRO II","Título ","Capítulo I",NA,"219/","https://www.conceptosjuridicos.com/codigo-penal-articulo-219/"
"LIBRO II","Título ","Capítulo II",NA,"220/","https://www.conceptosjuridicos.com/codigo-penal-articulo-220/"
"LIBRO II","Título ","Capítulo II",NA,"221/","https://www.conceptosjuridicos.com/codigo-penal-articulo-221/"
"LIBRO II","Título ","Capítulo II",NA,"222/","https://www.conceptosjuridicos.com/codigo-penal-articulo-222/"
"LIBRO II","Título ","Capítulo III","Sección I","223/","https://www.conceptosjuridicos.com/codigo-penal-articulo-223/"
"LIBRO II","Título ","Capítulo III","Sección I","224/","https://www.conceptosjuridicos.com/codigo-penal-articulo-224/"
"LIBRO II","Título ","Capítulo III","Sección I","225/","https://www.conceptosjuridicos.com/codigo-penal-articulo-225/"
"LIBRO II","Título ","Capítulo III","Sección I","225-bis/","https://www.conceptosjuridicos.com/codigo-penal-articulo-225-bis/"
"LIBRO II","Título ","Capítulo III","Sección III","226/","https://www.conceptosjuridicos.com/codigo-penal-articulo-226/"
"LIBRO II","Título ","Capítulo III","Sección III","227/","https://www.conceptosjuridicos.com/codigo-penal-articulo-227/"
"LIBRO II","Título ","Capítulo III","Sección III","228/","https://www.conceptosjuridicos.com/codigo-penal-articulo-228/"
"LIBRO II","Título ","Capítulo III","Sección III","229/","https://www.conceptosjuridicos.com/codigo-penal-articulo-229/"
"LIBRO II","Título ","Capítulo III","Sección III","230/","https://www.conceptosjuridicos.com/codigo-penal-articulo-230/"
"LIBRO II","Título ","Capítulo III","Sección III","231/","https://www.conceptosjuridicos.com/codigo-penal-articulo-231/"
"LIBRO II","Título ","Capítulo III","Sección III","232/","https://www.conceptosjuridicos.com/codigo-penal-articulo-232/"
"LIBRO II","Título ","Capítulo III","Sección III","233/","https://www.conceptosjuridicos.com/codigo-penal-articulo-233/"
"LIBRO II","Título ","Capítulo I",NA,"234/","https://www.conceptosjuridicos.com/codigo-penal-articulo-234/"
"LIBRO II","Título ","Capítulo I",NA,"235/","https://www.conceptosjuridicos.com/codigo-penal-articulo-235/"
"LIBRO II","Título ","Capítulo I",NA,"236/","https://www.conceptosjuridicos.com/codigo-penal-articulo-236/"
"LIBRO II","Título ","Capítulo II",NA,"237/","https://www.conceptosjuridicos.com/codigo-penal-articulo-237/"
"LIBRO II","Título ","Capítulo II",NA,"238/","https://www.conceptosjuridicos.com/codigo-penal-articulo-238/"
"LIBRO II","Título ","Capítulo II",NA,"239/","https://www.conceptosjuridicos.com/codigo-penal-articulo-239/"
"LIBRO II","Título ","Capítulo II",NA,"240/","https://www.conceptosjuridicos.com/codigo-penal-articulo-240/"
"LIBRO II","Título ","Capítulo II",NA,"241/","https://www.conceptosjuridicos.com/codigo-penal-articulo-241/"
"LIBRO II","Título ","Capítulo II",NA,"242/","https://www.conceptosjuridicos.com/codigo-penal-articulo-242/"
"LIBRO II","Título ","Capítulo III",NA,"243/","https://www.conceptosjuridicos.com/codigo-penal-articulo-243/"
"LIBRO II","Título ","Capítulo III",NA,"244/","https://www.conceptosjuridicos.com/codigo-penal-articulo-244/"
"LIBRO II","Título ","Capítulo V",NA,"245/","https://www.conceptosjuridicos.com/codigo-penal-articulo-245/"
"LIBRO II","Título ","Capítulo V",NA,"246/","https://www.conceptosjuridicos.com/codigo-penal-articulo-246/"
"LIBRO II","Título ","Capítulo V",NA,"247/","https://www.conceptosjuridicos.com/codigo-penal-articulo-247/"
"LIBRO II","Título ","Capítulo VI","Sección I","248/","https://www.conceptosjuridicos.com/codigo-penal-articulo-248/"
"LIBRO II","Título ","Capítulo VI","Sección I","249/","https://www.conceptosjuridicos.com/codigo-penal-articulo-249/"
"LIBRO II","Título ","Capítulo VI","Sección I","250/","https://www.conceptosjuridicos.com/codigo-penal-articulo-250/"
"LIBRO II","Título ","Capítulo VI","Sección I","251/","https://www.conceptosjuridicos.com/codigo-penal-articulo-251/"
"LIBRO II","Título ","Capítulo VI","Sección I","251-bis/","https://www.conceptosjuridicos.com/codigo-penal-articulo-251-bis/"
"LIBRO II","Título ","Capítulo VI","Sección II","252/","https://www.conceptosjuridicos.com/codigo-penal-articulo-252/"
"LIBRO II","Título ","Capítulo VI","Sección II","253/","https://www.conceptosjuridicos.com/codigo-penal-articulo-253/"
"LIBRO II","Título ","Capítulo VI","Sección II","254/","https://www.conceptosjuridicos.com/codigo-penal-articulo-254/"
"LIBRO II","Título ","Capítulo VI","Sección III","255/","https://www.conceptosjuridicos.com/codigo-penal-articulo-255/"
"LIBRO II","Título ","Capítulo VI","Sección III","256/","https://www.conceptosjuridicos.com/codigo-penal-articulo-256/"
"LIBRO II","Título ","Capítulo VII",NA,"257/","https://www.conceptosjuridicos.com/codigo-penal-articulo-257/"
"LIBRO II","Título ","Capítulo VII",NA,"258/","https://www.conceptosjuridicos.com/codigo-penal-articulo-258/"
"LIBRO II","Título ","Capítulo VII",NA,"258-bis/","https://www.conceptosjuridicos.com/codigo-penal-articulo-258-bis/"
"LIBRO II","Título ","Capítulo VII",NA,"258-ter/","https://www.conceptosjuridicos.com/codigo-penal-articulo-258-ter/"
"LIBRO II","Título ","Capítulo VII",NA,"259/","https://www.conceptosjuridicos.com/codigo-penal-articulo-259/"
"LIBRO II","Título ","Capítulo VII",NA,"259-bis/","https://www.conceptosjuridicos.com/codigo-penal-articulo-259-bis/"
"LIBRO II","Título ","Capítulo VII",NA,"260/","https://www.conceptosjuridicos.com/codigo-penal-articulo-260/"
"LIBRO II","Título ","Capítulo VII",NA,"261/","https://www.conceptosjuridicos.com/codigo-penal-articulo-261/"
"LIBRO II","Título ","Capítulo VII",NA,"261-bis/","https://www.conceptosjuridicos.com/codigo-penal-articulo-261-bis/"
"LIBRO II","Título ","Capítulo VIII",NA,"262/","https://www.conceptosjuridicos.com/codigo-penal-articulo-262/"
"LIBRO II","Título ","Capítulo IX",NA,"263/","https://www.conceptosjuridicos.com/codigo-penal-articulo-263/"
"LIBRO II","Título ","Capítulo IX",NA,"264/","https://www.conceptosjuridicos.com/codigo-penal-articulo-264/"
"LIBRO II","Título ","Capítulo IX",NA,"264-bis/","https://www.conceptosjuridicos.com/codigo-penal-articulo-264-bis/"
"LIBRO II","Título ","Capítulo IX",NA,"264-ter/","https://www.conceptosjuridicos.com/codigo-penal-articulo-264-ter/"
"LIBRO II","Título ","Capítulo IX",NA,"264-quater/","https://www.conceptosjuridicos.com/codigo-penal-articulo-264-quater/"
"LIBRO II","Título ","Capítulo IX",NA,"265/","https://www.conceptosjuridicos.com/codigo-penal-articulo-265/"
"LIBRO II","Título ","Capítulo IX",NA,"266/","https://www.conceptosjuridicos.com/codigo-penal-articulo-266/"
"LIBRO II","Título ","Capítulo IX",NA,"267/","https://www.conceptosjuridicos.com/codigo-penal-articulo-267/"
"LIBRO II","Título ","Capítulo X",NA,"268/","https://www.conceptosjuridicos.com/codigo-penal-articulo-268/"
"LIBRO II","Título ","Capítulo X",NA,"269/","https://www.conceptosjuridicos.com/codigo-penal-articulo-269/"
"LIBRO II","Título ","Capítulo XI","Sección I","270/","https://www.conceptosjuridicos.com/codigo-penal-articulo-270/"
"LIBRO II","Título ","Capítulo XI","Sección I","271/","https://www.conceptosjuridicos.com/codigo-penal-articulo-271/"
"LIBRO II","Título ","Capítulo XI","Sección I","272/","https://www.conceptosjuridicos.com/codigo-penal-articulo-272/"
"LIBRO II","Título ","Capítulo XI","Sección II","273/","https://www.conceptosjuridicos.com/codigo-penal-articulo-273/"
"LIBRO II","Título ","Capítulo XI","Sección II","274/","https://www.conceptosjuridicos.com/codigo-penal-articulo-274/"
"LIBRO II","Título ","Capítulo XI","Sección II","275/","https://www.conceptosjuridicos.com/codigo-penal-articulo-275/"
"LIBRO II","Título ","Capítulo XI","Sección II","276/","https://www.conceptosjuridicos.com/codigo-penal-articulo-276/"
"LIBRO II","Título ","Capítulo XI","Sección II","277/","https://www.conceptosjuridicos.com/codigo-penal-articulo-277/"
"LIBRO II","Título ","Capítulo XI","Sección III","278/","https://www.conceptosjuridicos.com/codigo-penal-articulo-278/"
"LIBRO II","Título ","Capítulo XI","Sección III","279/","https://www.conceptosjuridicos.com/codigo-penal-articulo-279/"
"LIBRO II","Título ","Capítulo XI","Sección III","280/","https://www.conceptosjuridicos.com/codigo-penal-articulo-280/"
"LIBRO II","Título ","Capítulo XI","Sección III","281/","https://www.conceptosjuridicos.com/codigo-penal-articulo-281/"
"LIBRO II","Título ","Capítulo XI","Sección III","282/","https://www.conceptosjuridicos.com/codigo-penal-articulo-282/"
"LIBRO II","Título ","Capítulo XI","Sección III","282-bis/","https://www.conceptosjuridicos.com/codigo-penal-articulo-282-bis/"
"LIBRO II","Título ","Capítulo XI","Sección III","283/","https://www.conceptosjuridicos.com/codigo-penal-articulo-283/"
"LIBRO II","Título ","Capítulo XI","Sección III","284/","https://www.conceptosjuridicos.com/codigo-penal-articulo-284/"
"LIBRO II","Título ","Capítulo XI","Sección III","285/","https://www.conceptosjuridicos.com/codigo-penal-articulo-285/"
"LIBRO II","Título ","Capítulo XI","Sección III","285-bis/","https://www.conceptosjuridicos.com/codigo-penal-articulo-285-bis/"
"LIBRO II","Título ","Capítulo XI","Sección III","285-ter/","https://www.conceptosjuridicos.com/codigo-penal-articulo-285-ter/"
"LIBRO II","Título ","Capítulo XI","Sección III","285-quater/","https://www.conceptosjuridicos.com/codigo-penal-articulo-285-quater/"
"LIBRO II","Título ","Capítulo XI","Sección III","286/","https://www.conceptosjuridicos.com/codigo-penal-articulo-286/"
"LIBRO II","Título ","Capítulo XI","Sección IV","286-bis/","https://www.conceptosjuridicos.com/codigo-penal-articulo-286-bis/"
"LIBRO II","Título ","Capítulo XI","Sección IV","286-ter/","https://www.conceptosjuridicos.com/codigo-penal-articulo-286-ter/"
"LIBRO II","Título ","Capítulo XI","Sección ","286-quater/","https://www.conceptosjuridicos.com/codigo-penal-articulo-286-quater/"
"LIBRO II","Título ","Capítulo XI","Sección ","287/","https://www.conceptosjuridicos.com/codigo-penal-articulo-287/"
"LIBRO II","Título ","Capítulo XI","Sección V","288/","https://www.conceptosjuridicos.com/codigo-penal-articulo-288/"
"LIBRO II","Título ","Capítulo XI","Sección V","288-bis/","https://www.conceptosjuridicos.com/codigo-penal-articulo-288-bis/"
"LIBRO II","Título ","Capítulo XI","Sección V","289/","https://www.conceptosjuridicos.com/codigo-penal-articulo-289/"
"LIBRO II","Título ","Capítulo XIII",NA,"290/","https://www.conceptosjuridicos.com/codigo-penal-articulo-290/"
"LIBRO II","Título ","Capítulo XIII",NA,"291/","https://www.conceptosjuridicos.com/codigo-penal-articulo-291/"
"LIBRO II","Título ","Capítulo XIII",NA,"292/","https://www.conceptosjuridicos.com/codigo-penal-articulo-292/"
"LIBRO II","Título ","Capítulo XIII",NA,"293/","https://www.conceptosjuridicos.com/codigo-penal-articulo-293/"
"LIBRO II","Título ","Capítulo XIII",NA,"294/","https://www.conceptosjuridicos.com/codigo-penal-articulo-294/"
"LIBRO II","Título ","Capítulo XIII",NA,"296/","https://www.conceptosjuridicos.com/codigo-penal-articulo-296/"
"LIBRO II","Título ","Capítulo XIII",NA,"297/","https://www.conceptosjuridicos.com/codigo-penal-articulo-297/"
"LIBRO II","Título ","Capítulo XIV",NA,"298/","https://www.conceptosjuridicos.com/codigo-penal-articulo-298/"
"LIBRO II","Título ","Capítulo XIV",NA,"299/","https://www.conceptosjuridicos.com/codigo-penal-articulo-299/"
"LIBRO II","Título ","Capítulo XIV",NA,"300/","https://www.conceptosjuridicos.com/codigo-penal-articulo-300/"
"LIBRO II","Título ","Capítulo XIV",NA,"301/","https://www.conceptosjuridicos.com/codigo-penal-articulo-301/"
"LIBRO II","Título ","Capítulo XIV",NA,"302/","https://www.conceptosjuridicos.com/codigo-penal-articulo-302/"
"LIBRO II","Título ","Capítulo XIV",NA,"303/","https://www.conceptosjuridicos.com/codigo-penal-articulo-303/"
"LIBRO II","Título ","Capítulo XIV",NA,"304/","https://www.conceptosjuridicos.com/codigo-penal-articulo-304/"
"LIBRO II","Título ",NA,NA,"305/","https://www.conceptosjuridicos.com/codigo-penal-articulo-305/"
"LIBRO II","Título ",NA,NA,"305-bis/","https://www.conceptosjuridicos.com/codigo-penal-articulo-305-bis/"
"LIBRO II","Título ",NA,NA,"306/","https://www.conceptosjuridicos.com/codigo-penal-articulo-306/"
"LIBRO II","Título ",NA,NA,"307/","https://www.conceptosjuridicos.com/codigo-penal-articulo-307/"
"LIBRO II","Título ",NA,NA,"307-bis/","https://www.conceptosjuridicos.com/codigo-penal-articulo-307-bis/"
"LIBRO II","Título ",NA,NA,"307-ter/","https://www.conceptosjuridicos.com/codigo-penal-articulo-307-ter/"
"LIBRO II","Título ",NA,NA,"308/","https://www.conceptosjuridicos.com/codigo-penal-articulo-308/"
"LIBRO II","Título ","Capítulo III",NA,"308-bis/","https://www.conceptosjuridicos.com/codigo-penal-articulo-308-bis/"
"LIBRO II","Título ",NA,NA,"310/","https://www.conceptosjuridicos.com/codigo-penal-articulo-310/"
"LIBRO II","Título ",NA,NA,"310-bis/","https://www.conceptosjuridicos.com/codigo-penal-articulo-310-bis/"
"LIBRO II","Título ",NA,NA,"311/","https://www.conceptosjuridicos.com/codigo-penal-articulo-311/"
"LIBRO II","Título ",NA,NA,"311-bis/","https://www.conceptosjuridicos.com/codigo-penal-articulo-311-bis/"
"LIBRO II","Título ",NA,NA,"312/","https://www.conceptosjuridicos.com/codigo-penal-articulo-312/"
"LIBRO II","Título ",NA,NA,"313/","https://www.conceptosjuridicos.com/codigo-penal-articulo-313/"
"LIBRO II","Título ",NA,NA,"314/","https://www.conceptosjuridicos.com/codigo-penal-articulo-314/"
"LIBRO II","Título ",NA,NA,"315/","https://www.conceptosjuridicos.com/codigo-penal-articulo-315/"
"LIBRO II","Título ",NA,NA,"316/","https://www.conceptosjuridicos.com/codigo-penal-articulo-316/"
"LIBRO II","Título ",NA,NA,"317/","https://www.conceptosjuridicos.com/codigo-penal-articulo-317/"
"LIBRO II","Título ",NA,NA,"318/","https://www.conceptosjuridicos.com/codigo-penal-articulo-318/"
"LIBRO II","Título ",NA,NA,"318-bis/","https://www.conceptosjuridicos.com/codigo-penal-articulo-318-bis/"
"LIBRO II","Título ","Capítulo I",NA,"319/","https://www.conceptosjuridicos.com/codigo-penal-articulo-319/"
"LIBRO II","Título ","Capítulo I",NA,"320/","https://www.conceptosjuridicos.com/codigo-penal-articulo-320/"
"LIBRO II","Título ","Capítulo II",NA,"321/","https://www.conceptosjuridicos.com/codigo-penal-articulo-321/"
"LIBRO II","Título ","Capítulo II",NA,"322/","https://www.conceptosjuridicos.com/codigo-penal-articulo-322/"
"LIBRO II","Título ","Capítulo II",NA,"323/","https://www.conceptosjuridicos.com/codigo-penal-articulo-323/"
"LIBRO II","Título ","Capítulo II",NA,"324/","https://www.conceptosjuridicos.com/codigo-penal-articulo-324/"
"LIBRO II","Título ","Capítulo III",NA,"325/","https://www.conceptosjuridicos.com/codigo-penal-articulo-325/"
"LIBRO II","Título ","Capítulo III",NA,"326/","https://www.conceptosjuridicos.com/codigo-penal-articulo-326/"
"LIBRO II","Título ","Capítulo III",NA,"326-bis/","https://www.conceptosjuridicos.com/codigo-penal-articulo-326-bis/"
"LIBRO II","Título ","Capítulo III",NA,"327/","https://www.conceptosjuridicos.com/codigo-penal-articulo-327/"
"LIBRO II","Título ","Capítulo III",NA,"328/","https://www.conceptosjuridicos.com/codigo-penal-articulo-328/"
"LIBRO II","Título ","Capítulo III",NA,"329/","https://www.conceptosjuridicos.com/codigo-penal-articulo-329/"
"LIBRO II","Título ","Capítulo III",NA,"330/","https://www.conceptosjuridicos.com/codigo-penal-articulo-330/"
"LIBRO II","Título ","Capítulo III",NA,"331/","https://www.conceptosjuridicos.com/codigo-penal-articulo-331/"
"LIBRO II","Título ","Capítulo IV",NA,"332/","https://www.conceptosjuridicos.com/codigo-penal-articulo-332/"
"LIBRO II","Título ","Capítulo IV",NA,"333/","https://www.conceptosjuridicos.com/codigo-penal-articulo-333/"
"LIBRO II","Título ","Capítulo IV",NA,"334/","https://www.conceptosjuridicos.com/codigo-penal-articulo-334/"
"LIBRO II","Título ","Capítulo IV",NA,"335/","https://www.conceptosjuridicos.com/codigo-penal-articulo-335/"
"LIBRO II","Título ","Capítulo IV",NA,"336/","https://www.conceptosjuridicos.com/codigo-penal-articulo-336/"
"LIBRO II","Título ","Capítulo IV",NA,"337/","https://www.conceptosjuridicos.com/codigo-penal-articulo-337/"
"LIBRO II","Título ","Capítulo IV",NA,"337-bis/","https://www.conceptosjuridicos.com/codigo-penal-articulo-337-bis/"
"LIBRO II","Título ","Capítulo V",NA,"338/","https://www.conceptosjuridicos.com/codigo-penal-articulo-338/"
"LIBRO II","Título ","Capítulo V",NA,"339/","https://www.conceptosjuridicos.com/codigo-penal-articulo-339/"
"LIBRO II","Título ","Capítulo V",NA,"340/","https://www.conceptosjuridicos.com/codigo-penal-articulo-340/"
"LIBRO II","Título ",NA,NA,"340-bis/","https://www.conceptosjuridicos.com/codigo-penal-articulo-340-bis/"
"LIBRO II","Título ",NA,NA,"340-ter/","https://www.conceptosjuridicos.com/codigo-penal-articulo-340-ter/"
"LIBRO II","Título ",NA,NA,"340-quater/","https://www.conceptosjuridicos.com/codigo-penal-articulo-340-quater/"
"LIBRO II","Título ",NA,NA,"340-quinquies/","https://www.conceptosjuridicos.com/codigo-penal-articulo-340-quinquies/"
"LIBRO II","Título ","Capítulo I","Sección I","341/","https://www.conceptosjuridicos.com/codigo-penal-articulo-341/"
"LIBRO II","Título ","Capítulo I","Sección I","342/","https://www.conceptosjuridicos.com/codigo-penal-articulo-342/"
"LIBRO II","Título ","Capítulo I","Sección I","343/","https://www.conceptosjuridicos.com/codigo-penal-articulo-343/"
"LIBRO II","Título ","Capítulo I","Sección I","344/","https://www.conceptosjuridicos.com/codigo-penal-articulo-344/"
"LIBRO II","Título ","Capítulo I","Sección I","345/","https://www.conceptosjuridicos.com/codigo-penal-articulo-345/"
"LIBRO II","Título ","Capítulo I","Sección II","346/","https://www.conceptosjuridicos.com/codigo-penal-articulo-346/"
"LIBRO II","Título ","Capítulo I","Sección II","347/","https://www.conceptosjuridicos.com/codigo-penal-articulo-347/"
"LIBRO II","Título ","Capítulo I","Sección III","348/","https://www.conceptosjuridicos.com/codigo-penal-articulo-348/"
"LIBRO II","Título ","Capítulo I","Sección III","349/","https://www.conceptosjuridicos.com/codigo-penal-articulo-349/"
"LIBRO II","Título ","Capítulo I","Sección III","350/","https://www.conceptosjuridicos.com/codigo-penal-articulo-350/"
"LIBRO II","Título ","Capítulo II","Sección I","351/","https://www.conceptosjuridicos.com/codigo-penal-articulo-351/"
"LIBRO II","Título ","Capítulo II","Sección I","352/","https://www.conceptosjuridicos.com/codigo-penal-articulo-352/"
"LIBRO II","Título ","Capítulo II","Sección I","353/","https://www.conceptosjuridicos.com/codigo-penal-articulo-353/"
"LIBRO II","Título ","Capítulo II","Sección I","354/","https://www.conceptosjuridicos.com/codigo-penal-articulo-354/"
"LIBRO II","Título ","Capítulo II","Sección I","355/","https://www.conceptosjuridicos.com/codigo-penal-articulo-355/"
"LIBRO II","Título ","Capítulo II","Sección I","356/","https://www.conceptosjuridicos.com/codigo-penal-articulo-356/"
"LIBRO II","Título ","Capítulo II","Sección I","357/","https://www.conceptosjuridicos.com/codigo-penal-articulo-357/"
"LIBRO II","Título ","Capítulo II","Sección I","358/","https://www.conceptosjuridicos.com/codigo-penal-articulo-358/"
"LIBRO II","Título ","Capítulo II","Sección I","358-bis/","https://www.conceptosjuridicos.com/codigo-penal-articulo-358-bis/"
"LIBRO II","Título ","Capítulo III",NA,"359/","https://www.conceptosjuridicos.com/codigo-penal-articulo-359/"
"LIBRO II","Título ","Capítulo III",NA,"360/","https://www.conceptosjuridicos.com/codigo-penal-articulo-360/"
"LIBRO II","Título ","Capítulo III",NA,"361/","https://www.conceptosjuridicos.com/codigo-penal-articulo-361/"
"LIBRO II","Título ","Capítulo III",NA,"362/","https://www.conceptosjuridicos.com/codigo-penal-articulo-362/"
"LIBRO II","Título ","Capítulo III",NA,"362-bis/","https://www.conceptosjuridicos.com/codigo-penal-articulo-362-bis/"
"LIBRO II","Título ","Capítulo III",NA,"362-ter/","https://www.conceptosjuridicos.com/codigo-penal-articulo-362-ter/"
"LIBRO II","Título ","Capítulo III",NA,"362-quater/","https://www.conceptosjuridicos.com/codigo-penal-articulo-362-quater/"
"LIBRO II","Título ","Capítulo III",NA,"362-quinquies/","https://www.conceptosjuridicos.com/codigo-penal-articulo-362-quinquies/"
"LIBRO II","Título ","Capítulo ",NA,"362-sexies/","https://www.conceptosjuridicos.com/codigo-penal-articulo-362-sexies/"
"LIBRO II","Título ","Capítulo III",NA,"363/","https://www.conceptosjuridicos.com/codigo-penal-articulo-363/"
"LIBRO II","Título ","Capítulo III",NA,"364/","https://www.conceptosjuridicos.com/codigo-penal-articulo-364/"
"LIBRO II","Título ","Capítulo III",NA,"365/","https://www.conceptosjuridicos.com/codigo-penal-articulo-365/"
"LIBRO II","Título ","Capítulo III",NA,"366/","https://www.conceptosjuridicos.com/codigo-penal-articulo-366/"
"LIBRO II","Título ","Capítulo III",NA,"367/","https://www.conceptosjuridicos.com/codigo-penal-articulo-367/"
"LIBRO II","Título ","Capítulo III",NA,"368/","https://www.conceptosjuridicos.com/codigo-penal-articulo-368/"
"LIBRO II","Título ","Capítulo III",NA,"369/","https://www.conceptosjuridicos.com/codigo-penal-articulo-369/"
"LIBRO II","Título ","Capítulo III",NA,"369-bis/","https://www.conceptosjuridicos.com/codigo-penal-articulo-369-bis/"
"LIBRO II","Título ","Capítulo III",NA,"370/","https://www.conceptosjuridicos.com/codigo-penal-articulo-370/"
"LIBRO II","Título ","Capítulo III",NA,"371/","https://www.conceptosjuridicos.com/codigo-penal-articulo-371/"
"LIBRO II","Título ","Capítulo III",NA,"372/","https://www.conceptosjuridicos.com/codigo-penal-articulo-372/"
"LIBRO II","Título ","Capítulo III",NA,"373/","https://www.conceptosjuridicos.com/codigo-penal-articulo-373/"
"LIBRO II","Título ","Capítulo III",NA,"374/","https://www.conceptosjuridicos.com/codigo-penal-articulo-374/"
"LIBRO II","Título ","Capítulo ",NA,"375/","https://www.conceptosjuridicos.com/codigo-penal-articulo-375/"
"LIBRO II","Título ","Capítulo III",NA,"376/","https://www.conceptosjuridicos.com/codigo-penal-articulo-376/"
"LIBRO II","Título ","Capítulo III",NA,"377/","https://www.conceptosjuridicos.com/codigo-penal-articulo-377/"
"LIBRO II","Título ","Capítulo III",NA,"378/","https://www.conceptosjuridicos.com/codigo-penal-articulo-378/"
"LIBRO II","Título ","Capítulo IV",NA,"379/","https://www.conceptosjuridicos.com/codigo-penal-articulo-379/"
"LIBRO II","Título ","Capítulo IV",NA,"380/","https://www.conceptosjuridicos.com/codigo-penal-articulo-380/"
"LIBRO II","Título ","Capítulo IV",NA,"381/","https://www.conceptosjuridicos.com/codigo-penal-articulo-381/"
"LIBRO II","Título ","Capítulo IV",NA,"382/","https://www.conceptosjuridicos.com/codigo-penal-articulo-382/"
"LIBRO II","Título ","Capítulo IV",NA,"382-bis/","https://www.conceptosjuridicos.com/codigo-penal-articulo-382-bis/"
"LIBRO II","Título ","Capítulo IV",NA,"383/","https://www.conceptosjuridicos.com/codigo-penal-articulo-383/"
"LIBRO II","Título ","Capítulo IV",NA,"384/","https://www.conceptosjuridicos.com/codigo-penal-articulo-384/"
"LIBRO II","Título ","Capítulo IV",NA,"385/","https://www.conceptosjuridicos.com/codigo-penal-articulo-385/"
"LIBRO II","Título ","Capítulo ",NA,"385-bis/","https://www.conceptosjuridicos.com/codigo-penal-articulo-385-bis/"
"LIBRO II","Título ","Capítulo IV",NA,"385-ter/","https://www.conceptosjuridicos.com/codigo-penal-articulo-385-ter/"
"LIBRO II","Título ","Capítulo I",NA,"386/","https://www.conceptosjuridicos.com/codigo-penal-articulo-386/"
"LIBRO II","Título ","Capítulo I",NA,"387/","https://www.conceptosjuridicos.com/codigo-penal-articulo-387/"
"LIBRO II","Título ","Capítulo I",NA,"388/","https://www.conceptosjuridicos.com/codigo-penal-articulo-388/"
"LIBRO II","Título ","Capítulo I",NA,"389/","https://www.conceptosjuridicos.com/codigo-penal-articulo-389/"
"LIBRO II","Título ",NA,"Sección I","390/","https://www.conceptosjuridicos.com/codigo-penal-articulo-390/"
"LIBRO II","Título ",NA,"Sección I","391/","https://www.conceptosjuridicos.com/codigo-penal-articulo-391/"
"LIBRO II","Título ",NA,"Sección I","392/","https://www.conceptosjuridicos.com/codigo-penal-articulo-392/"
"LIBRO II","Título ",NA,"Sección I","393/","https://www.conceptosjuridicos.com/codigo-penal-articulo-393/"
"LIBRO II","Título ",NA,"Sección I","394/","https://www.conceptosjuridicos.com/codigo-penal-articulo-394/"
"LIBRO II","Título ",NA,"Sección I","395/","https://www.conceptosjuridicos.com/codigo-penal-articulo-395/"
"LIBRO II","Título ",NA,"Sección I","396/","https://www.conceptosjuridicos.com/codigo-penal-articulo-396/"
"LIBRO II","Título ",NA,"Sección I","397/","https://www.conceptosjuridicos.com/codigo-penal-articulo-397/"
"LIBRO II","Título ",NA,"Sección I","398/","https://www.conceptosjuridicos.com/codigo-penal-articulo-398/"
"LIBRO II","Título ",NA,"Sección I","399/","https://www.conceptosjuridicos.com/codigo-penal-articulo-399/"
"LIBRO II","Título ",NA,"Sección I","399-bis/","https://www.conceptosjuridicos.com/codigo-penal-articulo-399-bis/"
"LIBRO II","Título ",NA,"Sección I","399-ter/","https://www.conceptosjuridicos.com/codigo-penal-articulo-399-ter/"
"LIBRO II","Título ","Capítulo III",NA,"400/","https://www.conceptosjuridicos.com/codigo-penal-articulo-400/"
"LIBRO II","Título ","Capítulo III",NA,"400-bis/","https://www.conceptosjuridicos.com/codigo-penal-articulo-400-bis/"
"LIBRO II","Título ","Capítulo III",NA,"401/","https://www.conceptosjuridicos.com/codigo-penal-articulo-401/"
"LIBRO II","Título ","Capítulo V",NA,"402/","https://www.conceptosjuridicos.com/codigo-penal-articulo-402/"
"LIBRO II","Título ","Capítulo V",NA,"402-bis/","https://www.conceptosjuridicos.com/codigo-penal-articulo-402-bis/"
"LIBRO II","Título ","Capítulo V",NA,"403/","https://www.conceptosjuridicos.com/codigo-penal-articulo-403/"
"LIBRO II","Título ","Capítulo I",NA,"404/","https://www.conceptosjuridicos.com/codigo-penal-articulo-404/"
"LIBRO II","Título ","Capítulo I",NA,"405/","https://www.conceptosjuridicos.com/codigo-penal-articulo-405/"
"LIBRO II","Título ","Capítulo I",NA,"406/","https://www.conceptosjuridicos.com/codigo-penal-articulo-406/"
"LIBRO II","Título ","Capítulo II",NA,"407/","https://www.conceptosjuridicos.com/codigo-penal-articulo-407/"
"LIBRO II","Título ","Capítulo II",NA,"408/","https://www.conceptosjuridicos.com/codigo-penal-articulo-408/"
"LIBRO II","Título ","Capítulo II",NA,"409/","https://www.conceptosjuridicos.com/codigo-penal-articulo-409/"
"LIBRO II","Título ","Capítulo III",NA,"410/","https://www.conceptosjuridicos.com/codigo-penal-articulo-410/"
"LIBRO II","Título ","Capítulo III",NA,"411/","https://www.conceptosjuridicos.com/codigo-penal-articulo-411/"
"LIBRO II","Título ","Capítulo III",NA,"412/","https://www.conceptosjuridicos.com/codigo-penal-articulo-412/"
"LIBRO II","Título ","Capítulo IV",NA,"413/","https://www.conceptosjuridicos.com/codigo-penal-articulo-413/"
"LIBRO II","Título ","Capítulo IV",NA,"414/","https://www.conceptosjuridicos.com/codigo-penal-articulo-414/"
"LIBRO II","Título ","Capítulo IV",NA,"415/","https://www.conceptosjuridicos.com/codigo-penal-articulo-415/"
"LIBRO II","Título ","Capítulo IV",NA,"416/","https://www.conceptosjuridicos.com/codigo-penal-articulo-416/"
"LIBRO II","Título ","Capítulo IV",NA,"417/","https://www.conceptosjuridicos.com/codigo-penal-articulo-417/"
"LIBRO II","Título ","Capítulo IV",NA,"418/","https://www.conceptosjuridicos.com/codigo-penal-articulo-418/"
"LIBRO II","Título ","Capítulo V",NA,"419/","https://www.conceptosjuridicos.com/codigo-penal-articulo-419/"
"LIBRO II","Título ","Capítulo V",NA,"420/","https://www.conceptosjuridicos.com/codigo-penal-articulo-420/"
"LIBRO II","Título ","Capítulo V",NA,"421/","https://www.conceptosjuridicos.com/codigo-penal-articulo-421/"
"LIBRO II","Título ","Capítulo V",NA,"422/","https://www.conceptosjuridicos.com/codigo-penal-articulo-422/"
"LIBRO II","Título ","Capítulo V",NA,"423/","https://www.conceptosjuridicos.com/codigo-penal-articulo-423/"
"LIBRO II","Título ","Capítulo V",NA,"424/","https://www.conceptosjuridicos.com/codigo-penal-articulo-424/"
"LIBRO II","Título ","Capítulo V",NA,"425/","https://www.conceptosjuridicos.com/codigo-penal-articulo-425/"
"LIBRO II","Título ","Capítulo V",NA,"426/","https://www.conceptosjuridicos.com/codigo-penal-articulo-426/"
"LIBRO II","Título ","Capítulo V",NA,"427/","https://www.conceptosjuridicos.com/codigo-penal-articulo-427/"
"LIBRO II","Título ","Capítulo V",NA,"427-bis/","https://www.conceptosjuridicos.com/codigo-penal-articulo-427-bis/"
"LIBRO II","Título ","Capítulo VI",NA,"428/","https://www.conceptosjuridicos.com/codigo-penal-articulo-428/"
"LIBRO II","Título ","Capítulo VI",NA,"429/","https://www.conceptosjuridicos.com/codigo-penal-articulo-429/"
"LIBRO II","Título ","Capítulo VI",NA,"430/","https://www.conceptosjuridicos.com/codigo-penal-articulo-430/"
"LIBRO II","Título ","Capítulo VI",NA,"431/","https://www.conceptosjuridicos.com/codigo-penal-articulo-431/"
"LIBRO II","Título ","Capítulo VII",NA,"432/","https://www.conceptosjuridicos.com/codigo-penal-articulo-432/"
"LIBRO II","Título ","Capítulo VII",NA,"432-bis/","https://www.conceptosjuridicos.com/codigo-penal-articulo-432-bis/"
"LIBRO II","Título ","Capítulo VII",NA,"433/","https://www.conceptosjuridicos.com/codigo-penal-articulo-433/"
"LIBRO II","Título ","Capítulo VII",NA,"433-bis/","https://www.conceptosjuridicos.com/codigo-penal-articulo-433-bis/"
"LIBRO II","Título ","Capítulo VII",NA,"433-ter/","https://www.conceptosjuridicos.com/codigo-penal-articulo-433-ter/"
"LIBRO II","Título ","Capítulo ",NA,"434/","https://www.conceptosjuridicos.com/codigo-penal-articulo-434/"
"LIBRO II","Título ","Capítulo VII",NA,"435/","https://www.conceptosjuridicos.com/codigo-penal-articulo-435/"
"LIBRO II","Título ","Capítulo VII",NA,"435-bis/","https://www.conceptosjuridicos.com/codigo-penal-articulo-435-bis/"
"LIBRO II","Título ","Capítulo VIII",NA,"436/","https://www.conceptosjuridicos.com/codigo-penal-articulo-436/"
"LIBRO II","Título ","Capítulo VIII",NA,"437/","https://www.conceptosjuridicos.com/codigo-penal-articulo-437/"
"LIBRO II","Título ","Capítulo VIII",NA,"438/","https://www.conceptosjuridicos.com/codigo-penal-articulo-438/"
"LIBRO II","Título ","Capítulo VIII",NA,"438-bis/","https://www.conceptosjuridicos.com/codigo-penal-articulo-438-bis/"
"LIBRO II","Título ","Capítulo IX",NA,"439/","https://www.conceptosjuridicos.com/codigo-penal-articulo-439/"
"LIBRO II","Título ","Capítulo IX",NA,"440/","https://www.conceptosjuridicos.com/codigo-penal-articulo-440/"
"LIBRO II","Título ","Capítulo IX",NA,"441/","https://www.conceptosjuridicos.com/codigo-penal-articulo-441/"
"LIBRO II","Título ","Capítulo IX",NA,"442/","https://www.conceptosjuridicos.com/codigo-penal-articulo-442/"
"LIBRO II","Título ","Capítulo IX",NA,"443/","https://www.conceptosjuridicos.com/codigo-penal-articulo-443/"
"LIBRO II","Título ","Capítulo IX",NA,"444/","https://www.conceptosjuridicos.com/codigo-penal-articulo-444/"
"LIBRO II","Título ","Capítulo IX",NA,"445/","https://www.conceptosjuridicos.com/codigo-penal-articulo-445/"
"LIBRO II","Título ","Capítulo I",NA,"446/","https://www.conceptosjuridicos.com/codigo-penal-articulo-446/"
"LIBRO II","Título ","Capítulo I",NA,"447/","https://www.conceptosjuridicos.com/codigo-penal-articulo-447/"
"LIBRO II","Título ","Capítulo I",NA,"448/","https://www.conceptosjuridicos.com/codigo-penal-articulo-448/"
"LIBRO II","Título ","Capítulo I",NA,"449/","https://www.conceptosjuridicos.com/codigo-penal-articulo-449/"
"LIBRO II","Título ","Capítulo I",NA,"450/","https://www.conceptosjuridicos.com/codigo-penal-articulo-450/"
"LIBRO II","Título ","Capítulo III",NA,"451/","https://www.conceptosjuridicos.com/codigo-penal-articulo-451/"
"LIBRO II","Título ","Capítulo III",NA,"452/","https://www.conceptosjuridicos.com/codigo-penal-articulo-452/"
"LIBRO II","Título ","Capítulo III",NA,"453/","https://www.conceptosjuridicos.com/codigo-penal-articulo-453/"
"LIBRO II","Título ","Capítulo III",NA,"454/","https://www.conceptosjuridicos.com/codigo-penal-articulo-454/"
"LIBRO II","Título ","Capítulo III",NA,"455/","https://www.conceptosjuridicos.com/codigo-penal-articulo-455/"
"LIBRO II","Título ","Capítulo V",NA,"456/","https://www.conceptosjuridicos.com/codigo-penal-articulo-456/"
"LIBRO II","Título ","Capítulo V",NA,"457/","https://www.conceptosjuridicos.com/codigo-penal-articulo-457/"
"LIBRO II","Título ","Capítulo VI",NA,"458/","https://www.conceptosjuridicos.com/codigo-penal-articulo-458/"
"LIBRO II","Título ","Capítulo VI",NA,"459/","https://www.conceptosjuridicos.com/codigo-penal-articulo-459/"
"LIBRO II","Título ","Capítulo VI",NA,"460/","https://www.conceptosjuridicos.com/codigo-penal-articulo-460/"
"LIBRO II","Título ","Capítulo VI",NA,"461/","https://www.conceptosjuridicos.com/codigo-penal-articulo-461/"
"LIBRO II","Título ","Capítulo VI",NA,"462/","https://www.conceptosjuridicos.com/codigo-penal-articulo-462/"
"LIBRO II","Título ","Capítulo VII",NA,"463/","https://www.conceptosjuridicos.com/codigo-penal-articulo-463/"
"LIBRO II","Título ","Capítulo VII",NA,"464/","https://www.conceptosjuridicos.com/codigo-penal-articulo-464/"
"LIBRO II","Título ","Capítulo VII",NA,"465/","https://www.conceptosjuridicos.com/codigo-penal-articulo-465/"
"LIBRO II","Título ","Capítulo VII",NA,"466/","https://www.conceptosjuridicos.com/codigo-penal-articulo-466/"
"LIBRO II","Título ","Capítulo VII",NA,"467/","https://www.conceptosjuridicos.com/codigo-penal-articulo-467/"
"LIBRO II","Título ","Capítulo VIII",NA,"468/","https://www.conceptosjuridicos.com/codigo-penal-articulo-468/"
"LIBRO II","Título ","Capítulo VIII",NA,"469/","https://www.conceptosjuridicos.com/codigo-penal-articulo-469/"
"LIBRO II","Título ","Capítulo VIII",NA,"470/","https://www.conceptosjuridicos.com/codigo-penal-articulo-470/"
"LIBRO II","Título ","Capítulo VIII",NA,"471/","https://www.conceptosjuridicos.com/codigo-penal-articulo-471/"
"LIBRO II","Título ","Capítulo IX",NA,"471-bis/","https://www.conceptosjuridicos.com/codigo-penal-articulo-471-bis/"
"LIBRO II","Título ","Capítulo I",NA,"472/","https://www.conceptosjuridicos.com/codigo-penal-articulo-472/"
"LIBRO II","Título ","Capítulo I",NA,"473/","https://www.conceptosjuridicos.com/codigo-penal-articulo-473/"
"LIBRO II","Título ","Capítulo I",NA,"474/","https://www.conceptosjuridicos.com/codigo-penal-articulo-474/"
"LIBRO II","Título ","Capítulo I",NA,"475/","https://www.conceptosjuridicos.com/codigo-penal-articulo-475/"
"LIBRO II","Título ","Capítulo I",NA,"476/","https://www.conceptosjuridicos.com/codigo-penal-articulo-476/"
"LIBRO II","Título ","Capítulo I",NA,"477/","https://www.conceptosjuridicos.com/codigo-penal-articulo-477/"
"LIBRO II","Título ","Capítulo I",NA,"478/","https://www.conceptosjuridicos.com/codigo-penal-articulo-478/"
"LIBRO II","Título ","Capítulo I",NA,"479/","https://www.conceptosjuridicos.com/codigo-penal-articulo-479/"
"LIBRO II","Título ","Capítulo I",NA,"480/","https://www.conceptosjuridicos.com/codigo-penal-articulo-480/"
"LIBRO II","Título ","Capítulo I",NA,"481/","https://www.conceptosjuridicos.com/codigo-penal-articulo-481/"
"LIBRO II","Título ","Capítulo I",NA,"482/","https://www.conceptosjuridicos.com/codigo-penal-articulo-482/"
"LIBRO II","Título ","Capítulo I",NA,"483/","https://www.conceptosjuridicos.com/codigo-penal-articulo-483/"
"LIBRO II","Título ","Capítulo I",NA,"484/","https://www.conceptosjuridicos.com/codigo-penal-articulo-484/"
"LIBRO II","Título ","Capítulo II",NA,"485/","https://www.conceptosjuridicos.com/codigo-penal-articulo-485/"
"LIBRO II","Título ","Capítulo II",NA,"486/","https://www.conceptosjuridicos.com/codigo-penal-articulo-486/"
"LIBRO II","Título ","Capítulo II",NA,"487/","https://www.conceptosjuridicos.com/codigo-penal-articulo-487/"
"LIBRO II","Título ","Capítulo II",NA,"488/","https://www.conceptosjuridicos.com/codigo-penal-articulo-488/"
"LIBRO II","Título ","Capítulo II",NA,"489/","https://www.conceptosjuridicos.com/codigo-penal-articulo-489/"
"LIBRO II","Título ","Capítulo II",NA,"490/","https://www.conceptosjuridicos.com/codigo-penal-articulo-490/"
"LIBRO II","Título ","Capítulo II",NA,"491/","https://www.conceptosjuridicos.com/codigo-penal-articulo-491/"
"LIBRO II","Título ","Capítulo III","Sección I","492/","https://www.conceptosjuridicos.com/codigo-penal-articulo-492/"
"LIBRO II","Título ","Capítulo III","Sección I","493/","https://www.conceptosjuridicos.com/codigo-penal-articulo-493/"
"LIBRO II","Título ","Capítulo III","Sección I","494/","https://www.conceptosjuridicos.com/codigo-penal-articulo-494/"
"LIBRO II","Título ","Capítulo III","Sección I","495/","https://www.conceptosjuridicos.com/codigo-penal-articulo-495/"
"LIBRO II","Título ","Capítulo III","Sección I","496/","https://www.conceptosjuridicos.com/codigo-penal-articulo-496/"
"LIBRO II","Título ","Capítulo III","Sección I","497/","https://www.conceptosjuridicos.com/codigo-penal-articulo-497/"
"LIBRO II","Título ","Capítulo III","Sección I","498/","https://www.conceptosjuridicos.com/codigo-penal-articulo-498/"
"LIBRO II","Título ","Capítulo III","Sección I","499/","https://www.conceptosjuridicos.com/codigo-penal-articulo-499/"
"LIBRO II","Título ","Capítulo III","Sección I","500/","https://www.conceptosjuridicos.com/codigo-penal-articulo-500/"
"LIBRO II","Título ","Capítulo III","Sección I","501/","https://www.conceptosjuridicos.com/codigo-penal-articulo-501/"
"LIBRO II","Título ","Capítulo III","Sección I","502/","https://www.conceptosjuridicos.com/codigo-penal-articulo-502/"
"LIBRO II","Título ","Capítulo III","Sección I","503/","https://www.conceptosjuridicos.com/codigo-penal-articulo-503/"
"LIBRO II","Título ","Capítulo III","Sección I","504/","https://www.conceptosjuridicos.com/codigo-penal-articulo-504/"
"LIBRO II","Título ","Capítulo III","Sección I","505/","https://www.conceptosjuridicos.com/codigo-penal-articulo-505/"
"LIBRO II","Título ","Capítulo III","Sección II","506/","https://www.conceptosjuridicos.com/codigo-penal-articulo-506/"
"LIBRO II","Título ","Capítulo III","Sección II","507/","https://www.conceptosjuridicos.com/codigo-penal-articulo-507/"
"LIBRO II","Título ","Capítulo III","Sección II","508/","https://www.conceptosjuridicos.com/codigo-penal-articulo-508/"
"LIBRO II","Título ","Capítulo III","Sección II","509/","https://www.conceptosjuridicos.com/codigo-penal-articulo-509/"
"LIBRO II","Título ","Capítulo IV","Sección I","510/","https://www.conceptosjuridicos.com/codigo-penal-articulo-510/"
"LIBRO II","Título ","Capítulo IV","Sección I","510-bis/","https://www.conceptosjuridicos.com/codigo-penal-articulo-510-bis/"
"LIBRO II","Título ","Capítulo IV","Sección I","511/","https://www.conceptosjuridicos.com/codigo-penal-articulo-511/"
"LIBRO II","Título ","Capítulo IV","Sección I","512/","https://www.conceptosjuridicos.com/codigo-penal-articulo-512/"
"LIBRO II","Título ","Capítulo IV","Sección I","513/","https://www.conceptosjuridicos.com/codigo-penal-articulo-513/"
"LIBRO II","Título ","Capítulo IV","Sección I","514/","https://www.conceptosjuridicos.com/codigo-penal-articulo-514/"
"LIBRO II","Título ","Capítulo IV","Sección I","515/","https://www.conceptosjuridicos.com/codigo-penal-articulo-515/"
"LIBRO II","Título ","Capítulo IV","Sección I","517/","https://www.conceptosjuridicos.com/codigo-penal-articulo-517/"
"LIBRO II","Título ","Capítulo IV","Sección I","518/","https://www.conceptosjuridicos.com/codigo-penal-articulo-518/"
"LIBRO II","Título ","Capítulo IV","Sección I","519/","https://www.conceptosjuridicos.com/codigo-penal-articulo-519/"
"LIBRO II","Título ","Capítulo IV","Sección I","520/","https://www.conceptosjuridicos.com/codigo-penal-articulo-520/"
"LIBRO II","Título ","Capítulo IV","Sección I","521/","https://www.conceptosjuridicos.com/codigo-penal-articulo-521/"
"LIBRO II","Título ","Capítulo IV","Sección II","522/","https://www.conceptosjuridicos.com/codigo-penal-articulo-522/"
"LIBRO II","Título ","Capítulo IV","Sección II","523/","https://www.conceptosjuridicos.com/codigo-penal-articulo-523/"
"LIBRO II","Título ","Capítulo IV","Sección II","524/","https://www.conceptosjuridicos.com/codigo-penal-articulo-524/"
"LIBRO II","Título ","Capítulo IV","Sección II","525/","https://www.conceptosjuridicos.com/codigo-penal-articulo-525/"
"LIBRO II","Título ","Capítulo IV","Sección II","526/","https://www.conceptosjuridicos.com/codigo-penal-articulo-526/"
"LIBRO II","Título ","Capítulo V","Sección I","529/","https://www.conceptosjuridicos.com/codigo-penal-articulo-529/"
"LIBRO II","Título ","Capítulo V","Sección I","530/","https://www.conceptosjuridicos.com/codigo-penal-articulo-530/"
"LIBRO II","Título ","Capítulo V","Sección I","531/","https://www.conceptosjuridicos.com/codigo-penal-articulo-531/"
"LIBRO II","Título ","Capítulo V","Sección I","532/","https://www.conceptosjuridicos.com/codigo-penal-articulo-532/"
"LIBRO II","Título ","Capítulo V","Sección I","533/","https://www.conceptosjuridicos.com/codigo-penal-articulo-533/"
"LIBRO II","Título ","Capítulo V","Sección II","534/","https://www.conceptosjuridicos.com/codigo-penal-articulo-534/"
"LIBRO II","Título ","Capítulo V","Sección II","535/","https://www.conceptosjuridicos.com/codigo-penal-articulo-535/"
"LIBRO II","Título ","Capítulo V","Sección II","536/","https://www.conceptosjuridicos.com/codigo-penal-articulo-536/"
"LIBRO II","Título ","Capítulo V","Sección III","537/","https://www.conceptosjuridicos.com/codigo-penal-articulo-537/"
"LIBRO II","Título ","Capítulo V","Sección III","538/","https://www.conceptosjuridicos.com/codigo-penal-articulo-538/"
"LIBRO II","Título ","Capítulo V","Sección III","539/","https://www.conceptosjuridicos.com/codigo-penal-articulo-539/"
"LIBRO II","Título ","Capítulo V","Sección III","540/","https://www.conceptosjuridicos.com/codigo-penal-articulo-540/"
"LIBRO II","Título ","Capítulo V","Sección III","541/","https://www.conceptosjuridicos.com/codigo-penal-articulo-541/"
"LIBRO II","Título ","Capítulo V","Sección III","542/","https://www.conceptosjuridicos.com/codigo-penal-articulo-542/"
NA,NA,NA,NA,"543/","https://www.conceptosjuridicos.com/codigo-penal-articulo-543/"
"LIBRO II","Título ","Capítulo I",NA,"544/","https://www.conceptosjuridicos.com/codigo-penal-articulo-544/"
"LIBRO II","Título ","Capítulo I",NA,"545/","https://www.conceptosjuridicos.com/codigo-penal-articulo-545/"
"LIBRO II","Título ","Capítulo I",NA,"546/","https://www.conceptosjuridicos.com/codigo-penal-articulo-546/"
"LIBRO II","Título ","Capítulo I",NA,"547/","https://www.conceptosjuridicos.com/codigo-penal-articulo-547/"
"LIBRO II","Título ","Capítulo I",NA,"548/","https://www.conceptosjuridicos.com/codigo-penal-articulo-548/"
"LIBRO II","Título ","Capítulo I",NA,"549/","https://www.conceptosjuridicos.com/codigo-penal-articulo-549/"
"LIBRO II","Título ","Capítulo II",NA,"550/","https://www.conceptosjuridicos.com/codigo-penal-articulo-550/"
"LIBRO II","Título ","Capítulo II",NA,"551/","https://www.conceptosjuridicos.com/codigo-penal-articulo-551/"
"LIBRO II","Título ","Capítulo II",NA,"553/","https://www.conceptosjuridicos.com/codigo-penal-articulo-553/"
"LIBRO II","Título ","Capítulo II",NA,"554/","https://www.conceptosjuridicos.com/codigo-penal-articulo-554/"
"LIBRO II","Título ","Capítulo II",NA,"556/","https://www.conceptosjuridicos.com/codigo-penal-articulo-556/"
"LIBRO II","Título ","Capítulo III",NA,"557/","https://www.conceptosjuridicos.com/codigo-penal-articulo-557/"
"LIBRO II","Título ","Capítulo III",NA,"557-bis/","https://www.conceptosjuridicos.com/codigo-penal-articulo-557-bis/"
"LIBRO II","Título ","Capítulo III",NA,"557-ter/","https://www.conceptosjuridicos.com/codigo-penal-articulo-557-ter/"
"LIBRO II","Título ","Capítulo III",NA,"558/","https://www.conceptosjuridicos.com/codigo-penal-articulo-558/"
"LIBRO II","Título ","Capítulo III",NA,"559/","https://www.conceptosjuridicos.com/codigo-penal-articulo-559/"
"LIBRO II","Título ","Capítulo III",NA,"560/","https://www.conceptosjuridicos.com/codigo-penal-articulo-560/"
"LIBRO II","Título ","Capítulo III",NA,"561/","https://www.conceptosjuridicos.com/codigo-penal-articulo-561/"
"LIBRO II","Título ","Capítulo III",NA,"562/","https://www.conceptosjuridicos.com/codigo-penal-articulo-562/"
"LIBRO II","Título ","Capítulo V",NA,"563/","https://www.conceptosjuridicos.com/codigo-penal-articulo-563/"
"LIBRO II","Título ","Capítulo V",NA,"564/","https://www.conceptosjuridicos.com/codigo-penal-articulo-564/"
"LIBRO II","Título ","Capítulo V",NA,"565/","https://www.conceptosjuridicos.com/codigo-penal-articulo-565/"
"LIBRO II","Título ","Capítulo V",NA,"566/","https://www.conceptosjuridicos.com/codigo-penal-articulo-566/"
"LIBRO II","Título ","Capítulo V",NA,"567/","https://www.conceptosjuridicos.com/codigo-penal-articulo-567/"
"LIBRO II","Título ","Capítulo V",NA,"568/","https://www.conceptosjuridicos.com/codigo-penal-articulo-568/"
"LIBRO II","Título ","Capítulo V",NA,"569/","https://www.conceptosjuridicos.com/codigo-penal-articulo-569/"
"LIBRO II","Título ","Capítulo V",NA,"570/","https://www.conceptosjuridicos.com/codigo-penal-articulo-570/"
"LIBRO II","Título ","Capítulo VI",NA,"570-bis/","https://www.conceptosjuridicos.com/codigo-penal-articulo-570-bis/"
"LIBRO II","Título ","Capítulo VI",NA,"570-ter/","https://www.conceptosjuridicos.com/codigo-penal-articulo-570-ter/"
"LIBRO II","Título ","Capítulo ",NA,"570-quater/","https://www.conceptosjuridicos.com/codigo-penal-articulo-570-quater/"
"LIBRO II","Título ","Capítulo VII","Sección I","571/","https://www.conceptosjuridicos.com/codigo-penal-articulo-571/"
"LIBRO II","Título ","Capítulo VII","Sección I","572/","https://www.conceptosjuridicos.com/codigo-penal-articulo-572/"
"LIBRO II","Título ","Capítulo V","Sección II","573/","https://www.conceptosjuridicos.com/codigo-penal-articulo-573/"
"LIBRO II","Título ","Capítulo V","Sección II","573-bis/","https://www.conceptosjuridicos.com/codigo-penal-articulo-573-bis/"
"LIBRO II","Título ","Capítulo V","Sección II","574/","https://www.conceptosjuridicos.com/codigo-penal-articulo-574/"
"LIBRO II","Título ","Capítulo V","Sección II","575/","https://www.conceptosjuridicos.com/codigo-penal-articulo-575/"
"LIBRO II","Título ","Capítulo V","Sección II","576/","https://www.conceptosjuridicos.com/codigo-penal-articulo-576/"
"LIBRO II","Título ","Capítulo V","Sección II","577/","https://www.conceptosjuridicos.com/codigo-penal-articulo-577/"
"LIBRO II","Título ","Capítulo VII","Sección II","578/","https://www.conceptosjuridicos.com/codigo-penal-articulo-578/"
"LIBRO II","Título ","Capítulo ","Sección II","579/","https://www.conceptosjuridicos.com/codigo-penal-articulo-579/"
"LIBRO II","Título ","Capítulo ","Sección II","579-bis/","https://www.conceptosjuridicos.com/codigo-penal-articulo-579-bis/"
"LIBRO II","Título ","Capítulo VII","Sección II","580/","https://www.conceptosjuridicos.com/codigo-penal-articulo-580/"
"LIBRO II","Título ","Capítulo VII","Sección II","580-bis/","https://www.conceptosjuridicos.com/codigo-penal-articulo-580-bis/"
"LIBRO II","Título ","Capítulo I",NA,"581/","https://www.conceptosjuridicos.com/codigo-penal-articulo-581/"
"LIBRO II","Título ","Capítulo I",NA,"582/","https://www.conceptosjuridicos.com/codigo-penal-articulo-582/"
"LIBRO II","Título ","Capítulo I",NA,"583/","https://www.conceptosjuridicos.com/codigo-penal-articulo-583/"
"LIBRO II","Título ","Capítulo I",NA,"584/","https://www.conceptosjuridicos.com/codigo-penal-articulo-584/"
"LIBRO II","Título ","Capítulo I",NA,"585/","https://www.conceptosjuridicos.com/codigo-penal-articulo-585/"
"LIBRO II","Título ","Capítulo I",NA,"586/","https://www.conceptosjuridicos.com/codigo-penal-articulo-586/"
"LIBRO II","Título ","Capítulo I",NA,"587/","https://www.conceptosjuridicos.com/codigo-penal-articulo-587/"
"LIBRO II","Título ","Capítulo I",NA,"588/","https://www.conceptosjuridicos.com/codigo-penal-articulo-588/"
"LIBRO II","Título ","Capítulo II",NA,"589/","https://www.conceptosjuridicos.com/codigo-penal-articulo-589/"
"LIBRO II","Título ","Capítulo II",NA,"590/","https://www.conceptosjuridicos.com/codigo-penal-articulo-590/"
"LIBRO II","Título ","Capítulo II",NA,"591/","https://www.conceptosjuridicos.com/codigo-penal-articulo-591/"
"LIBRO II","Título ","Capítulo II",NA,"592/","https://www.conceptosjuridicos.com/codigo-penal-articulo-592/"
"LIBRO II","Título ","Capítulo II",NA,"593/","https://www.conceptosjuridicos.com/codigo-penal-articulo-593/"
"LIBRO II","Título ","Capítulo II",NA,"594/","https://www.conceptosjuridicos.com/codigo-penal-articulo-594/"
"LIBRO II","Título ","Capítulo II",NA,"595/","https://www.conceptosjuridicos.com/codigo-penal-articulo-595/"
"LIBRO II","Título ","Capítulo II",NA,"596/","https://www.conceptosjuridicos.com/codigo-penal-articulo-596/"
"LIBRO II","Título ","Capítulo II",NA,"597/","https://www.conceptosjuridicos.com/codigo-penal-articulo-597/"
"LIBRO II","Título ","Capítulo III",NA,"598/","https://www.conceptosjuridicos.com/codigo-penal-articulo-598/"
"LIBRO II","Título ","Capítulo III",NA,"599/","https://www.conceptosjuridicos.com/codigo-penal-articulo-599/"
"LIBRO II","Título ","Capítulo III",NA,"600/","https://www.conceptosjuridicos.com/codigo-penal-articulo-600/"
"LIBRO II","Título ","Capítulo III",NA,"601/","https://www.conceptosjuridicos.com/codigo-penal-articulo-601/"
"LIBRO II","Título ","Capítulo III",NA,"602/","https://www.conceptosjuridicos.com/codigo-penal-articulo-602/"
"LIBRO II","Título ","Capítulo III",NA,"603/","https://www.conceptosjuridicos.com/codigo-penal-articulo-603/"
"LIBRO II","Título ","Capítulo I",NA,"605/","https://www.conceptosjuridicos.com/codigo-penal-articulo-605/"
"LIBRO II","Título ","Capítulo I",NA,"606/","https://www.conceptosjuridicos.com/codigo-penal-articulo-606/"
"LIBRO II","Título ","Capítulo I",NA,"607/","https://www.conceptosjuridicos.com/codigo-penal-articulo-607/"
"LIBRO II","Título ","Capítulo I",NA,"607-bis/","https://www.conceptosjuridicos.com/codigo-penal-articulo-607-bis/"
"LIBRO II","Título ","Capítulo III",NA,"608/","https://www.conceptosjuridicos.com/codigo-penal-articulo-608/"
"LIBRO II","Título ","Capítulo III",NA,"609/","https://www.conceptosjuridicos.com/codigo-penal-articulo-609/"
"LIBRO II","Título ","Capítulo III",NA,"610/","https://www.conceptosjuridicos.com/codigo-penal-articulo-610/"
"LIBRO II","Título ","Capítulo III",NA,"611/","https://www.conceptosjuridicos.com/codigo-penal-articulo-611/"
"LIBRO II","Título ","Capítulo III",NA,"612/","https://www.conceptosjuridicos.com/codigo-penal-articulo-612/"
"LIBRO II","Título ","Capítulo III",NA,"613/","https://www.conceptosjuridicos.com/codigo-penal-articulo-613/"
"LIBRO II","Título ","Capítulo III",NA,"614/","https://www.conceptosjuridicos.com/codigo-penal-articulo-614/"
"LIBRO II","Título ","Capítulo III",NA,"614-bis/","https://www.conceptosjuridicos.com/codigo-penal-articulo-614-bis/"
"LIBRO II","Título ","Capítulo IV",NA,"615/","https://www.conceptosjuridicos.com/codigo-penal-articulo-615/"
"LIBRO II","Título ","Capítulo IV",NA,"615-bis/","https://www.conceptosjuridicos.com/codigo-penal-articulo-615-bis/"
"LIBRO II","Título ","Capítulo IV",NA,"616/","https://www.conceptosjuridicos.com/codigo-penal-articulo-616/"
"LIBRO II","Título ","Capítulo IV",NA,"616-bis/","https://www.conceptosjuridicos.com/codigo-penal-articulo-616-bis/"
"LIBRO II","Título ","Capítulo V",NA,"616-ter/","https://www.conceptosjuridicos.com/codigo-penal-articulo-616-ter/"
"LIBRO II","Título ","Capítulo V",NA,"616-quater/","https://www.conceptosjuridicos.com/codigo-penal-articulo-616-quater/"
